{
  "briefName": 	"presidents",
  "title":      "US Presidents",
  "config": {
    "randomizeQuestionSequence": false,
    "autoSubmit": false,
    "percentGreatJob": 60,
    "rightSide": "giphy"
  },
  "questions": [
    {
      "id":      0,
      "question": "This president pictured was the fourth president",
      "pictureQuestion":  "images/Thomas_Jefferson.jpg",
      "type":     "pictureQuestionTrueFalse",
      "correctAnswer": "False"
    },
    {
      "id":      1,
      "question": "Select the year Franklin D. Roosevelt first took office as president",
      "type":     "textMultipleChoice",
      "options": [
        { "id": "a", "answer": "1932"},
        { "id": "b", "answer": "1929"},
        { "id": "c", "answer": "1935"},
        { "id": "d", "answer": "1933"}
      ],
      "correctAnswer": "1933"
    },
    {
      "id":      2,
      "question": "Click on the picture of the President who was NOT assassinated while in office",
      "type":     "pictureAnswer",
      "options": [
        { "id": "a", "pictureAnswer": "images/William_McKinley.jpg"},
        { "id": "b", "pictureAnswer": "images/Abraham_Lincoln.jpg"},
        { "id": "c", "pictureAnswer": "images/Grover_Cleveland.jpg" },
        { "id": "d", "pictureAnswer": "images/John_F_Kennedy.jpg"}
      ],
      "correctAnswer": "c"
    },
    {
      "id":      3,
      "question": "Give the first and last name of the president who said 'Speak softly and carry a big stick'",
      "type":     "textShortAnswer",
      "correctAnswerArray": [
        "Ted Roosevelt",
        "Teddy Roosevelt",
        "Theodore Roosevelt"
      ]
    },
    {
      "id":      4,
      "question": "Before he was a U.S. president, this man was president of what university?",
      "pictureQuestion":  "images/Woodrow_Wilson.jpg",
      "type":     "pictureQuestionMultipleChoice",
      "options": [
        { "id": "a", "answer": "Harvard"},
        { "id": "b", "answer": "Princeton"},
        { "id": "c", "answer": "Yale"},
        { "id": "d", "answer": "Columbia"}
      ],
      "correctAnswer": "Princeton"
    },
    {
      "id":      5,
      "question": "Give the first and last name of this president",
      "pictureQuestion":  "images/Franklin_Pierce.jpg",
      "type":     "pictureQuestionShortAnswer",
      "correctAnswerArray": [
        "Franklin Pierce"
      ]
    },
    {
      "id":      6,
      "question": "The Cuban Missle Crisis occurred while Kennedy was president",
      "type":     "textTrueFalse",
      "correctAnswer":  "True"
    },
    {
      "id":      7,
      "question": "Click on the picture of the President who was impeached",
      "type":     "pictureAnswer",
      "options": [
        { "id": "a", "pictureAnswer": "images/George_W_Bush.jpg"},
        { "id": "b", "pictureAnswer": "images/James_Polk.jpg"},
        { "id": "c", "pictureAnswer": "images/Richard_Nixon.jpg"},
        { "id": "d", "pictureAnswer": "images/Andrew_Johnson.jpg" },
        { "id": "e", "pictureAnswer": "images/Andrew_Jackson.jpg"}
	  ],
      "correctAnswer": "d"
    },
	{
      "id":      8,
      "question": "Which president(s) lost the popular vote but was elected anyway",
      "type":     "textMultipleChoice",
      "options": [
        { "id": "a", "answer": "John Quincy Adams"},
        { "id": "b", "answer": "Harry Truman" },
        { "id": "c", "answer": "John Adams"},
        { "id": "d", "answer": "George W. Bush"},
        { "id": "e", "answer": "John Quincy Adams and George W. Bush"},
        { "id": "f", "answer": "John Quincy Adams, Harry Truman, and George W. Bush"}
      ],
      "correctAnswer": "John Quincy Adams and George W. Bush"
    },
    {
      "id":      9,
      "question": "What war occurred while this president was in office?",
      "pictureQuestion":  "images/James_Polk.jpg",
      "type":     "pictureQuestionMultipleChoice",
      "options": [
        { "id": "a", "answer": "World War I"},
        { "id": "b", "answer": "Mexican-American War"},
        { "id": "c", "answer": "Spanish-American War"},
        { "id": "d", "answer": "Korean War"}
      ],
      "correctAnswer": "Mexican-American War"
    }
  ]
}
